{"spot_diameter_fullres": 17.10606200000001, "tissue_hires_scalef": 0.9332711, "fiducial_diameter_fullres": 27.632869999999997, "tissue_lowres_scalef": 0.27998134}