{"spot_diameter_fullres": 17.096079, "tissue_hires_scalef": 0.9501188, "fiducial_diameter_fullres": 27.616742999999992, "tissue_lowres_scalef": 0.28503564}